"account_id","timeclass","result","freq"
1,"blitz","D",579
1,"blitz","L",2820
1,"blitz","W",3616
1,"bullet","D",10
1,"bullet","L",36
1,"bullet","W",135
1,"daily","L",1
1,"rapid","D",1
1,"rapid","L",10
1,"rapid","W",26
2,"blitz","D",231
2,"blitz","L",436
2,"blitz","W",828
2,"bullet","D",60
2,"bullet","L",263
2,"bullet","W",529
2,"rapid","D",56
2,"rapid","L",34
2,"rapid","W",74
3,"blitz","D",441
3,"blitz","L",3850
3,"blitz","W",2843
3,"bullet","D",369
3,"bullet","L",4822
3,"bullet","W",3435
3,"daily","D",9
3,"daily","L",125
3,"daily","W",126
3,"rapid","D",25
3,"rapid","L",126
3,"rapid","W",93
4,"blitz","D",717
4,"blitz","L",1419
4,"blitz","W",3570
4,"bullet","D",602
4,"bullet","L",2247
4,"bullet","W",7138
4,"rapid","D",69
4,"rapid","L",116
4,"rapid","W",508
5,"blitz","D",264
5,"blitz","L",1283
5,"blitz","W",1971
5,"bullet","D",497
5,"bullet","L",4439
5,"bullet","W",4877
5,"daily","D",5
5,"daily","L",7
5,"daily","W",7
5,"rapid","D",19
5,"rapid","L",50
5,"rapid","W",70
6,"blitz","D",398
6,"blitz","L",1081
6,"blitz","W",2155
6,"bullet","D",393
6,"bullet","L",2530
6,"bullet","W",4050
6,"rapid","D",22
6,"rapid","L",18
6,"rapid","W",52
8,"blitz","D",1570
8,"blitz","L",4104
8,"blitz","W",6685
8,"bullet","D",1358
8,"bullet","L",7574
8,"bullet","W",11611
8,"rapid","D",44
8,"rapid","L",36
8,"rapid","W",63
9,"blitz","D",389
9,"blitz","L",1728
9,"blitz","W",3502
9,"bullet","D",22
9,"bullet","L",177
9,"bullet","W",265
9,"daily","D",90
9,"daily","L",293
9,"daily","W",839
9,"rapid","D",148
9,"rapid","L",311
9,"rapid","W",1184
10,"blitz","D",293
10,"blitz","L",530
10,"blitz","W",1140
10,"bullet","D",77
10,"bullet","L",268
10,"bullet","W",467
10,"rapid","D",86
10,"rapid","L",51
10,"rapid","W",132
11,"blitz","D",52
11,"blitz","L",326
11,"blitz","W",342
11,"bullet","L",4
11,"bullet","W",3
11,"rapid","L",3
11,"rapid","W",10
12,"blitz","D",384
12,"blitz","L",1495
12,"blitz","W",2154
12,"bullet","D",324
12,"bullet","L",2694
12,"bullet","W",2650
12,"daily","L",7
12,"daily","W",1
12,"rapid","D",60
12,"rapid","L",76
12,"rapid","W",223
13,"blitz","D",116
13,"blitz","L",541
13,"blitz","W",730
13,"bullet","D",20
13,"bullet","L",114
13,"bullet","W",127
13,"rapid","D",6
13,"rapid","L",20
13,"rapid","W",125
14,"blitz","D",1053
14,"blitz","L",4206
14,"blitz","W",5278
14,"bullet","D",348
14,"bullet","L",3131
14,"bullet","W",3773
14,"daily","D",14
14,"daily","L",182
14,"daily","W",172
14,"rapid","D",47
14,"rapid","L",67
14,"rapid","W",83
15,"blitz","D",68
15,"blitz","L",366
15,"blitz","W",444
15,"bullet","D",19
15,"bullet","L",142
15,"bullet","W",155
15,"rapid","D",19
15,"rapid","L",26
15,"rapid","W",35
16,"blitz","D",164
16,"blitz","L",423
16,"blitz","W",985
16,"bullet","D",19
16,"bullet","L",93
16,"bullet","W",212
16,"rapid","D",14
16,"rapid","L",10
16,"rapid","W",29
17,"blitz","D",76
17,"blitz","L",806
17,"blitz","W",771
17,"bullet","D",24
17,"bullet","L",353
17,"bullet","W",651
17,"rapid","D",16
17,"rapid","L",53
17,"rapid","W",65
18,"blitz","D",366
18,"blitz","L",559
18,"blitz","W",1878
18,"bullet","D",45
18,"bullet","L",220
18,"bullet","W",558
18,"daily","D",43
18,"daily","L",33
18,"daily","W",209
18,"rapid","D",111
18,"rapid","L",69
18,"rapid","W",312
19,"blitz","D",165
19,"blitz","L",1001
19,"blitz","W",1595
19,"bullet","D",200
19,"bullet","L",1773
19,"bullet","W",2348
19,"daily","D",3
19,"daily","L",40
19,"daily","W",84
19,"rapid","D",9
19,"rapid","L",30
19,"rapid","W",73
21,"blitz","D",1655
21,"blitz","L",6099
21,"blitz","W",9665
21,"bullet","W",4
21,"rapid","D",21
21,"rapid","L",5
21,"rapid","W",81
22,"blitz","D",440
22,"blitz","L",1322
22,"blitz","W",2285
22,"bullet","D",164
22,"bullet","L",750
22,"bullet","W",1230
22,"daily","L",1
22,"daily","W",13
22,"rapid","D",18
22,"rapid","L",26
22,"rapid","W",47
23,"blitz","D",504
23,"blitz","L",2075
23,"blitz","W",5456
23,"bullet","D",455
23,"bullet","L",2760
23,"bullet","W",4108
23,"daily","D",1
23,"daily","L",5
23,"daily","W",19
23,"rapid","D",22
23,"rapid","L",48
23,"rapid","W",185
24,"blitz","D",2414
24,"blitz","L",7989
24,"blitz","W",8854
24,"bullet","D",109
24,"bullet","L",616
24,"bullet","W",693
24,"rapid","D",6
24,"rapid","L",4
24,"rapid","W",23
25,"blitz","D",103
25,"blitz","L",322
25,"blitz","W",517
25,"bullet","D",33
25,"bullet","L",281
25,"bullet","W",395
25,"rapid","D",4
25,"rapid","L",11
25,"rapid","W",96
26,"blitz","D",398
26,"blitz","L",1848
26,"blitz","W",2061
26,"bullet","D",156
26,"bullet","L",1298
26,"bullet","W",1564
26,"daily","L",16
26,"daily","W",12
26,"rapid","D",14
26,"rapid","L",19
26,"rapid","W",49
28,"blitz","D",572
28,"blitz","L",2050
28,"blitz","W",3036
28,"bullet","D",95
28,"bullet","L",509
28,"bullet","W",814
28,"daily","L",1
28,"daily","W",1
28,"rapid","D",3
28,"rapid","L",2
28,"rapid","W",14
29,"blitz","D",360
29,"blitz","L",1638
29,"blitz","W",1953
29,"bullet","L",1
29,"bullet","W",24
29,"daily","L",12
29,"daily","W",11
30,"blitz","D",1796
30,"blitz","L",5769
30,"blitz","W",6755
30,"bullet","D",17
30,"bullet","L",66
30,"bullet","W",80
30,"rapid","D",26
30,"rapid","L",40
30,"rapid","W",45
31,"blitz","D",205
31,"blitz","L",1193
31,"blitz","W",1234
31,"bullet","D",6
31,"bullet","L",64
31,"bullet","W",70
31,"daily","W",1
31,"rapid","D",12
31,"rapid","L",46
31,"rapid","W",34
32,"blitz","D",254
32,"blitz","L",1010
32,"blitz","W",1412
32,"bullet","D",80
32,"bullet","L",538
32,"bullet","W",534
32,"rapid","D",19
32,"rapid","L",28
32,"rapid","W",32
33,"blitz","D",662
33,"blitz","L",3056
33,"blitz","W",2842
33,"bullet","D",106
33,"bullet","L",705
33,"bullet","W",650
33,"daily","D",5
33,"daily","L",52
33,"daily","W",75
33,"rapid","D",15
33,"rapid","L",19
33,"rapid","W",82
34,"blitz","D",269
34,"blitz","L",703
34,"blitz","W",848
34,"bullet","D",267
34,"bullet","L",1370
34,"bullet","W",1721
34,"rapid","D",18
34,"rapid","L",17
34,"rapid","W",24
35,"blitz","D",765
35,"blitz","L",3907
35,"blitz","W",4684
35,"bullet","D",438
35,"bullet","L",3036
35,"bullet","W",3765
35,"daily","D",1
35,"daily","W",11
35,"rapid","D",31
35,"rapid","L",57
35,"rapid","W",193
36,"blitz","D",552
36,"blitz","L",2121
36,"blitz","W",2869
36,"bullet","D",89
36,"bullet","L",504
36,"bullet","W",693
36,"daily","W",1
36,"rapid","D",59
36,"rapid","L",72
36,"rapid","W",125
37,"blitz","D",603
37,"blitz","L",2613
37,"blitz","W",3279
37,"bullet","D",40
37,"bullet","L",205
37,"bullet","W",482
37,"daily","L",1
37,"daily","W",5
37,"rapid","D",50
37,"rapid","L",84
37,"rapid","W",518
38,"blitz","D",478
38,"blitz","L",3361
38,"blitz","W",5629
38,"bullet","D",886
38,"bullet","L",7395
38,"bullet","W",12900
38,"daily","L",1
38,"daily","W",1
38,"rapid","D",1
38,"rapid","L",4
38,"rapid","W",4
39,"blitz","D",1602
39,"blitz","L",6596
39,"blitz","W",5726
39,"bullet","D",101
39,"bullet","L",625
39,"bullet","W",830
39,"daily","D",60
39,"daily","L",135
39,"daily","W",236
39,"rapid","L",1
39,"rapid","W",1
40,"blitz","D",2912
40,"blitz","L",8229
40,"blitz","W",9459
40,"bullet","D",145
40,"bullet","L",1701
40,"bullet","W",1616
40,"daily","D",2
40,"daily","L",2
40,"daily","W",5
40,"rapid","D",248
40,"rapid","L",33
40,"rapid","W",78
41,"blitz","D",34
41,"blitz","L",233
41,"blitz","W",221
41,"bullet","D",31
41,"bullet","L",272
41,"bullet","W",320
42,"blitz","D",347
42,"blitz","L",1241
42,"blitz","W",1546
42,"bullet","D",321
42,"bullet","L",2054
42,"bullet","W",1984
42,"daily","L",1
42,"daily","W",7
42,"rapid","D",18
42,"rapid","L",24
42,"rapid","W",33
43,"blitz","D",60
43,"blitz","L",324
43,"blitz","W",307
43,"bullet","D",1
43,"bullet","L",17
43,"bullet","W",30
43,"daily","L",1
43,"daily","W",1
43,"rapid","W",4
45,"blitz","D",171
45,"blitz","L",626
45,"blitz","W",823
45,"bullet","D",75
45,"bullet","L",425
45,"bullet","W",462
45,"rapid","D",5
45,"rapid","L",14
45,"rapid","W",7
46,"blitz","D",1715
46,"blitz","L",6163
46,"blitz","W",6952
46,"bullet","D",83
46,"bullet","L",604
46,"bullet","W",580
46,"rapid","D",4
46,"rapid","L",9
46,"rapid","W",19
47,"blitz","D",107
47,"blitz","L",661
47,"blitz","W",520
47,"bullet","D",807
47,"bullet","L",5947
47,"bullet","W",4840
48,"blitz","D",255
48,"blitz","L",941
48,"blitz","W",1322
48,"bullet","D",167
48,"bullet","L",1054
48,"bullet","W",1303
48,"daily","L",2
48,"rapid","D",3
48,"rapid","L",9
48,"rapid","W",15
49,"blitz","D",409
49,"blitz","L",3105
49,"blitz","W",3487
49,"bullet","L",14
49,"bullet","W",9
50,"blitz","D",412
50,"blitz","L",1032
50,"blitz","W",1774
50,"bullet","D",659
50,"bullet","L",3302
50,"bullet","W",4543
50,"rapid","D",83
50,"rapid","L",97
50,"rapid","W",149
51,"blitz","D",1099
51,"blitz","L",4325
51,"blitz","W",4302
51,"bullet","D",43
51,"bullet","L",219
51,"bullet","W",336
51,"daily","W",3
51,"rapid","D",87
51,"rapid","L",244
51,"rapid","W",346
52,"blitz","D",909
52,"blitz","L",3615
52,"blitz","W",4312
52,"bullet","D",289
52,"bullet","L",1826
52,"bullet","W",2046
52,"rapid","D",16
52,"rapid","L",21
52,"rapid","W",39
53,"blitz","D",40
53,"blitz","L",289
53,"blitz","W",339
53,"bullet","D",23
53,"bullet","L",267
53,"bullet","W",495
53,"rapid","W",1
54,"blitz","D",350
54,"blitz","L",468
54,"blitz","W",1189
54,"bullet","D",44
54,"bullet","L",29
54,"bullet","W",101
54,"rapid","D",9
54,"rapid","L",6
54,"rapid","W",9
55,"blitz","D",413
55,"blitz","L",2202
55,"blitz","W",2755
55,"bullet","D",1289
55,"bullet","L",9803
55,"bullet","W",10973
55,"daily","D",65
55,"daily","L",121
55,"daily","W",549
55,"rapid","D",60
55,"rapid","L",41
55,"rapid","W",464
56,"blitz","D",568
56,"blitz","L",3017
56,"blitz","W",3079
56,"bullet","D",563
56,"bullet","L",4775
56,"bullet","W",3823
56,"rapid","D",10
56,"rapid","L",32
56,"rapid","W",24
57,"blitz","D",357
57,"blitz","L",1466
57,"blitz","W",1354
57,"bullet","D",31
57,"bullet","L",230
57,"bullet","W",447
57,"daily","D",7
57,"daily","L",10
57,"daily","W",24
57,"rapid","D",6
57,"rapid","L",12
57,"rapid","W",12
58,"blitz","D",44
58,"blitz","L",136
58,"blitz","W",167
58,"bullet","D",44
58,"bullet","L",250
58,"bullet","W",332
59,"blitz","D",77
59,"blitz","L",270
59,"blitz","W",299
59,"rapid","D",11
59,"rapid","L",15
59,"rapid","W",18
60,"blitz","D",106
60,"blitz","L",279
60,"blitz","W",521
60,"bullet","D",37
60,"bullet","L",155
60,"bullet","W",282
60,"rapid","D",24
60,"rapid","L",14
60,"rapid","W",35
61,"blitz","D",258
61,"blitz","L",1385
61,"blitz","W",1377
61,"bullet","D",5
61,"bullet","L",30
61,"bullet","W",43
61,"rapid","L",4
61,"rapid","W",9
63,"blitz","D",105
63,"blitz","L",495
63,"blitz","W",510
63,"bullet","D",9
63,"bullet","L",49
63,"bullet","W",91
63,"daily","D",1
63,"daily","W",1
63,"rapid","D",16
63,"rapid","L",35
63,"rapid","W",91
64,"blitz","D",500
64,"blitz","L",2158
64,"blitz","W",2781
64,"bullet","D",396
64,"bullet","L",2805
64,"bullet","W",4157
64,"rapid","D",6
64,"rapid","L",11
64,"rapid","W",23
65,"blitz","D",246
65,"blitz","L",997
65,"blitz","W",967
65,"bullet","L",3
65,"bullet","W",5
65,"daily","L",1
65,"daily","W",1
65,"rapid","D",26
65,"rapid","L",186
65,"rapid","W",177
66,"blitz","D",362
66,"blitz","L",1255
66,"blitz","W",1911
66,"bullet","D",375
66,"bullet","L",2685
66,"bullet","W",2609
66,"rapid","D",24
66,"rapid","L",26
66,"rapid","W",38
68,"blitz","D",502
68,"blitz","L",2457
68,"blitz","W",3178
68,"bullet","D",522
68,"bullet","L",4475
68,"bullet","W",5098
68,"daily","L",5
68,"daily","W",19
68,"rapid","D",11
68,"rapid","L",29
68,"rapid","W",34
69,"blitz","D",501
69,"blitz","L",2874
69,"blitz","W",3118
69,"bullet","D",351
69,"bullet","L",2744
69,"bullet","W",3200
69,"daily","W",2
69,"rapid","D",1
69,"rapid","L",10
69,"rapid","W",9
70,"blitz","D",420
70,"blitz","L",1512
70,"blitz","W",2263
70,"bullet","D",7
70,"bullet","L",9
70,"bullet","W",37
70,"daily","D",7
70,"daily","L",37
70,"daily","W",103
70,"rapid","D",19
70,"rapid","L",29
70,"rapid","W",66
72,"blitz","D",495
72,"blitz","L",2126
72,"blitz","W",3312
72,"bullet","D",36
72,"bullet","L",268
72,"bullet","W",338
72,"daily","W",6
72,"rapid","D",23
72,"rapid","L",41
72,"rapid","W",30
73,"blitz","D",326
73,"blitz","L",1274
73,"blitz","W",1626
73,"bullet","D",89
73,"bullet","L",651
73,"bullet","W",910
73,"daily","D",8
73,"daily","L",13
73,"daily","W",108
73,"rapid","D",31
73,"rapid","L",75
73,"rapid","W",129
74,"blitz","D",30
74,"blitz","L",78
74,"blitz","W",129
74,"bullet","D",17
74,"bullet","L",130
74,"bullet","W",161
74,"rapid","D",20
74,"rapid","L",42
74,"rapid","W",39
75,"blitz","D",153
75,"blitz","L",626
75,"blitz","W",836
75,"bullet","D",2
75,"bullet","L",11
75,"bullet","W",39
76,"blitz","D",3230
76,"blitz","L",17029
76,"blitz","W",21296
76,"bullet","D",196
76,"bullet","L",1345
76,"bullet","W",1963
76,"rapid","D",7
76,"rapid","L",18
76,"rapid","W",19
77,"blitz","D",144
77,"blitz","L",1890
77,"blitz","W",2061
77,"bullet","D",37
77,"bullet","L",711
77,"bullet","W",766
77,"daily","L",3
77,"daily","W",3
77,"rapid","D",1
77,"rapid","L",3
77,"rapid","W",18
78,"blitz","D",628
78,"blitz","L",2557
78,"blitz","W",2456
78,"bullet","D",174
78,"bullet","L",1049
78,"bullet","W",1195
78,"daily","D",1
78,"daily","L",1
78,"daily","W",24
78,"rapid","D",12
78,"rapid","L",9
78,"rapid","W",21
79,"blitz","D",372
79,"blitz","L",2018
79,"blitz","W",2660
79,"bullet","D",3
79,"bullet","L",14
79,"bullet","W",55
79,"daily","L",8
79,"daily","W",2
79,"rapid","D",11
79,"rapid","L",17
79,"rapid","W",72
80,"blitz","D",326
80,"blitz","L",542
80,"blitz","W",1045
80,"bullet","D",5
80,"bullet","L",5
80,"bullet","W",43
80,"rapid","D",9
80,"rapid","L",15
80,"rapid","W",30
81,"blitz","D",135
81,"blitz","L",982
81,"blitz","W",1018
81,"bullet","D",222
81,"bullet","L",1683
81,"bullet","W",1889
81,"daily","W",1
81,"rapid","D",1
81,"rapid","L",5
81,"rapid","W",13
82,"blitz","D",119
82,"blitz","L",441
82,"blitz","W",589
82,"bullet","D",136
82,"bullet","L",552
82,"bullet","W",626
82,"daily","L",1
82,"rapid","W",1
85,"blitz","D",448
85,"blitz","L",1739
85,"blitz","W",2349
85,"bullet","D",401
85,"bullet","L",1842
85,"bullet","W",3413
85,"daily","D",12
85,"daily","L",1
85,"daily","W",80
85,"rapid","D",23
85,"rapid","L",24
85,"rapid","W",320
86,"blitz","D",398
86,"blitz","L",1717
86,"blitz","W",2494
86,"bullet","D",7
86,"bullet","L",55
86,"bullet","W",74
86,"rapid","D",3
86,"rapid","L",1
86,"rapid","W",5
87,"blitz","D",987
87,"blitz","L",1798
87,"blitz","W",1342
87,"bullet","D",10
87,"bullet","L",34
87,"bullet","W",38
87,"daily","L",8
88,"blitz","D",44
88,"blitz","L",249
88,"blitz","W",352
88,"bullet","D",54
88,"bullet","L",383
88,"bullet","W",490
88,"rapid","D",8
88,"rapid","L",19
88,"rapid","W",21
89,"blitz","D",225
89,"blitz","L",889
89,"blitz","W",643
90,"blitz","D",809
90,"blitz","L",3239
90,"blitz","W",3852
90,"bullet","D",77
90,"bullet","L",468
90,"bullet","W",498
90,"rapid","D",4
90,"rapid","L",3
90,"rapid","W",5
91,"blitz","D",425
91,"blitz","L",2255
91,"blitz","W",2553
91,"bullet","D",37
91,"bullet","L",203
91,"bullet","W",370
91,"rapid","D",12
91,"rapid","L",121
91,"rapid","W",157
92,"blitz","D",324
92,"blitz","L",2360
92,"blitz","W",2130
92,"bullet","D",18
92,"bullet","L",135
92,"bullet","W",139
92,"rapid","D",3
92,"rapid","L",3
92,"rapid","W",8
93,"blitz","D",168
93,"blitz","L",1642
93,"blitz","W",1454
93,"bullet","L",14
93,"bullet","W",23
93,"rapid","D",2
93,"rapid","L",1
94,"blitz","D",164
94,"blitz","L",653
94,"blitz","W",1050
94,"bullet","W",1
94,"rapid","D",8
94,"rapid","L",25
94,"rapid","W",15
95,"blitz","D",154
95,"blitz","L",756
95,"blitz","W",480
95,"bullet","D",11
95,"bullet","L",29
95,"bullet","W",16
95,"rapid","D",2
95,"rapid","L",3
95,"rapid","W",3
96,"blitz","D",165
96,"blitz","L",811
96,"blitz","W",1370
96,"bullet","D",46
96,"bullet","L",221
96,"bullet","W",431
96,"daily","D",2
96,"daily","L",4
96,"daily","W",63
96,"rapid","D",2
96,"rapid","L",5
96,"rapid","W",15
97,"blitz","D",706
97,"blitz","L",4851
97,"blitz","W",5809
97,"bullet","D",210
97,"bullet","L",1887
97,"bullet","W",2455
97,"daily","L",4
97,"rapid","D",2
97,"rapid","L",2
97,"rapid","W",16
98,"blitz","D",251
98,"blitz","L",1143
98,"blitz","W",1415
98,"bullet","D",13
98,"bullet","L",43
98,"bullet","W",53
99,"blitz","D",75
99,"blitz","L",397
99,"blitz","W",470
99,"bullet","D",62
99,"bullet","L",658
99,"bullet","W",708
99,"daily","D",4
99,"daily","L",3
99,"daily","W",13
99,"rapid","L",7
99,"rapid","W",10
100,"blitz","D",345
100,"blitz","L",2628
100,"blitz","W",2767
100,"bullet","D",83
100,"bullet","L",1211
100,"bullet","W",1371
100,"daily","D",8
100,"daily","L",59
100,"daily","W",74
100,"rapid","D",16
100,"rapid","L",40
100,"rapid","W",62
101,"blitz","D",463
101,"blitz","L",3462
101,"blitz","W",3023
101,"bullet","D",343
101,"bullet","L",3909
101,"bullet","W",3191
101,"daily","L",4
101,"daily","W",1
101,"rapid","D",54
101,"rapid","L",116
101,"rapid","W",219
102,"blitz","D",48
102,"blitz","L",183
102,"blitz","W",262
102,"rapid","D",2
102,"rapid","L",4
102,"rapid","W",3
103,"blitz","D",1690
103,"blitz","L",10116
103,"blitz","W",12907
103,"bullet","D",66
103,"bullet","L",500
103,"bullet","W",998
103,"daily","D",45
103,"daily","L",50
103,"daily","W",147
103,"rapid","D",35
103,"rapid","L",102
103,"rapid","W",306
104,"blitz","D",513
104,"blitz","L",2374
104,"blitz","W",2719
104,"bullet","D",152
104,"bullet","L",1081
104,"bullet","W",1110
104,"daily","D",8
104,"daily","L",10
104,"daily","W",54
104,"rapid","D",39
104,"rapid","L",117
104,"rapid","W",127
105,"blitz","D",25
105,"blitz","L",280
105,"blitz","W",285
105,"bullet","D",23
105,"bullet","L",206
105,"bullet","W",272
105,"daily","D",1
105,"daily","L",57
105,"daily","W",19
105,"rapid","D",5
105,"rapid","L",37
105,"rapid","W",49
106,"blitz","D",1090
106,"blitz","L",5204
106,"blitz","W",5652
106,"bullet","D",230
106,"bullet","L",1740
106,"bullet","W",2281
106,"rapid","L",9
106,"rapid","W",6
108,"blitz","D",64
108,"blitz","L",385
108,"blitz","W",376
108,"rapid","D",14
108,"rapid","L",20
108,"rapid","W",30
109,"blitz","D",88
109,"blitz","L",402
109,"blitz","W",671
109,"bullet","D",326
109,"bullet","L",1857
109,"bullet","W",2654
109,"rapid","D",16
109,"rapid","L",19
109,"rapid","W",79
110,"blitz","D",255
110,"blitz","L",1128
110,"blitz","W",1244
110,"bullet","D",1010
110,"bullet","L",5042
110,"bullet","W",5003
110,"daily","W",10
110,"rapid","D",3
110,"rapid","L",31
110,"rapid","W",36
111,"blitz","D",287
111,"blitz","L",1492
111,"blitz","W",1896
111,"bullet","D",9
111,"bullet","L",28
111,"bullet","W",91
111,"daily","D",37
111,"daily","L",67
111,"daily","W",252
111,"rapid","D",4
111,"rapid","L",4
111,"rapid","W",11
112,"blitz","D",434
112,"blitz","L",1341
112,"blitz","W",3027
112,"bullet","D",13
112,"bullet","L",51
112,"bullet","W",103
112,"rapid","D",8
112,"rapid","L",14
112,"rapid","W",18
113,"blitz","D",12
113,"blitz","L",63
113,"blitz","W",155
113,"bullet","D",35
113,"bullet","L",156
113,"bullet","W",533
113,"daily","L",10
113,"daily","W",51
113,"rapid","D",26
113,"rapid","L",52
113,"rapid","W",97
115,"blitz","D",105
115,"blitz","L",632
115,"blitz","W",505
115,"bullet","D",5
115,"bullet","L",5
115,"bullet","W",13
116,"blitz","D",108
116,"blitz","L",471
116,"blitz","W",600
116,"bullet","D",17
116,"bullet","L",87
116,"bullet","W",117
116,"rapid","D",2
116,"rapid","L",2
116,"rapid","W",10
117,"blitz","D",4097
117,"blitz","L",16774
117,"blitz","W",19592
117,"bullet","D",101
117,"bullet","L",644
117,"bullet","W",1163
117,"rapid","W",1
118,"blitz","D",640
118,"blitz","L",2526
118,"blitz","W",2866
118,"bullet","D",184
118,"bullet","L",1220
118,"bullet","W",1220
118,"rapid","D",21
118,"rapid","L",72
118,"rapid","W",40
119,"blitz","D",304
119,"blitz","L",926
119,"blitz","W",1050
119,"bullet","D",75
119,"bullet","L",301
119,"bullet","W",340
119,"daily","D",10
119,"daily","L",57
119,"daily","W",23
119,"rapid","D",23
119,"rapid","L",56
119,"rapid","W",44
120,"blitz","D",2733
120,"blitz","L",14998
120,"blitz","W",13232
120,"bullet","D",279
120,"bullet","L",3334
120,"bullet","W",2850
120,"daily","D",1
120,"rapid","D",16
120,"rapid","L",20
120,"rapid","W",33
121,"blitz","D",160
121,"blitz","L",976
121,"blitz","W",878
121,"bullet","D",72
121,"bullet","L",535
121,"bullet","W",455
121,"daily","L",1
121,"rapid","D",1
121,"rapid","L",2
122,"blitz","D",303
122,"blitz","L",1355
122,"blitz","W",1586
122,"bullet","D",126
122,"bullet","L",956
122,"bullet","W",1007
122,"rapid","D",51
122,"rapid","L",39
122,"rapid","W",97
123,"blitz","D",44
123,"blitz","L",378
123,"blitz","W",368
123,"bullet","D",13
123,"bullet","L",177
123,"bullet","W",154
123,"daily","W",1
123,"rapid","D",1
123,"rapid","L",2
123,"rapid","W",24
124,"blitz","D",590
124,"blitz","L",2835
124,"blitz","W",3661
124,"bullet","D",148
124,"bullet","L",943
124,"bullet","W",1230
124,"rapid","D",3
124,"rapid","L",9
124,"rapid","W",42
125,"blitz","D",28
125,"blitz","L",121
125,"blitz","W",273
125,"bullet","D",22
125,"bullet","L",93
125,"bullet","W",214
125,"rapid","D",20
125,"rapid","L",6
125,"rapid","W",32
126,"blitz","D",454
126,"blitz","L",1922
126,"blitz","W",2710
126,"bullet","D",38
126,"bullet","L",291
126,"bullet","W",679
126,"daily","W",1
126,"rapid","D",24
126,"rapid","L",80
126,"rapid","W",335
127,"blitz","D",45
127,"blitz","L",443
127,"blitz","W",409
127,"bullet","D",3
127,"bullet","L",174
127,"bullet","W",187
127,"daily","L",14
127,"daily","W",4
127,"rapid","D",4
127,"rapid","L",7
127,"rapid","W",17
129,"blitz","D",639
129,"blitz","L",2809
129,"blitz","W",5887
129,"bullet","D",302
129,"bullet","L",2328
129,"bullet","W",3149
129,"daily","L",1
129,"daily","W",6
129,"rapid","D",181
129,"rapid","L",476
129,"rapid","W",830
130,"blitz","D",137
130,"blitz","L",503
130,"blitz","W",731
130,"bullet","D",9
130,"bullet","L",34
130,"bullet","W",63
130,"daily","L",10
130,"rapid","D",18
130,"rapid","L",17
130,"rapid","W",37
132,"blitz","D",495
132,"blitz","L",2095
132,"blitz","W",2365
132,"bullet","D",981
132,"bullet","L",7481
132,"bullet","W",9465
132,"rapid","D",18
132,"rapid","L",39
132,"rapid","W",65
133,"blitz","D",618
133,"blitz","L",2310
133,"blitz","W",4097
133,"bullet","D",1
133,"bullet","L",8
133,"bullet","W",18
133,"daily","L",1
133,"rapid","D",3
133,"rapid","L",3
133,"rapid","W",16
134,"blitz","D",621
134,"blitz","L",3733
134,"blitz","W",3492
134,"bullet","D",21
134,"bullet","L",185
134,"bullet","W",489
134,"daily","D",1
134,"daily","L",21
134,"daily","W",53
134,"rapid","D",3
134,"rapid","L",2
134,"rapid","W",52
135,"blitz","D",43
135,"blitz","L",358
135,"blitz","W",409
135,"bullet","D",47
135,"bullet","L",376
135,"bullet","W",504
135,"daily","W",1
135,"rapid","D",3
135,"rapid","L",13
135,"rapid","W",27
136,"blitz","D",154
136,"blitz","L",955
136,"blitz","W",1154
136,"bullet","D",22
136,"bullet","L",188
136,"bullet","W",177
136,"daily","L",3
136,"daily","W",3
136,"rapid","D",6
136,"rapid","L",57
136,"rapid","W",95
137,"blitz","D",69
137,"blitz","L",705
137,"blitz","W",714
137,"bullet","L",13
137,"bullet","W",29
138,"blitz","D",6005
138,"blitz","L",25111
138,"blitz","W",32046
138,"bullet","D",99
138,"bullet","L",645
138,"bullet","W",811
138,"rapid","L",2
138,"rapid","W",2
139,"blitz","D",592
139,"blitz","L",4475
139,"blitz","W",3827
139,"bullet","D",1
139,"bullet","L",7
139,"bullet","W",9
139,"rapid","D",3
139,"rapid","L",19
139,"rapid","W",41
140,"blitz","D",233
140,"blitz","L",1792
140,"blitz","W",2020
140,"bullet","D",53
140,"bullet","L",436
140,"bullet","W",426
140,"daily","L",27
140,"daily","W",27
140,"rapid","D",26
140,"rapid","L",139
140,"rapid","W",190
141,"blitz","D",571
141,"blitz","L",4111
141,"blitz","W",4867
141,"bullet","D",11
141,"bullet","L",150
141,"bullet","W",164
141,"daily","D",16
141,"daily","L",30
141,"daily","W",114
141,"rapid","D",11
141,"rapid","L",48
141,"rapid","W",89
142,"blitz","D",598
142,"blitz","L",3512
142,"blitz","W",4229
142,"bullet","D",1372
142,"bullet","L",10297
142,"bullet","W",12174
142,"daily","D",29
142,"daily","L",130
142,"daily","W",196
142,"rapid","D",29
142,"rapid","L",38
142,"rapid","W",82
143,"blitz","D",44
143,"blitz","L",506
143,"blitz","W",392
143,"bullet","D",93
143,"bullet","L",1299
143,"bullet","W",1381
143,"rapid","L",4
143,"rapid","W",6
144,"blitz","D",63
144,"blitz","L",334
144,"blitz","W",491
144,"bullet","D",29
144,"bullet","L",114
144,"bullet","W",213
144,"daily","D",4
144,"daily","W",10
144,"rapid","D",1
144,"rapid","L",7
144,"rapid","W",2
145,"blitz","D",102
145,"blitz","L",532
145,"blitz","W",427
145,"bullet","D",7
145,"bullet","L",31
145,"bullet","W",49
145,"rapid","D",4
145,"rapid","L",18
145,"rapid","W",41
146,"blitz","D",97
146,"blitz","L",568
146,"blitz","W",519
146,"bullet","D",8
146,"bullet","L",91
146,"bullet","W",71
146,"rapid","D",5
146,"rapid","L",6
146,"rapid","W",4
148,"blitz","D",364
148,"blitz","L",2240
148,"blitz","W",1828
148,"bullet","D",40
148,"bullet","L",319
148,"bullet","W",286
148,"rapid","D",1
148,"rapid","L",6
148,"rapid","W",8
149,"blitz","D",34
149,"blitz","L",129
149,"blitz","W",162
149,"bullet","D",15
149,"bullet","L",97
149,"bullet","W",86
150,"blitz","D",179
150,"blitz","L",815
150,"blitz","W",1153
150,"bullet","L",38
150,"bullet","W",68
150,"daily","L",14
150,"daily","W",8
150,"rapid","D",8
150,"rapid","L",14
150,"rapid","W",13
151,"blitz","D",942
151,"blitz","L",8635
151,"blitz","W",9268
151,"bullet","D",674
151,"bullet","L",9138
151,"bullet","W",9890
151,"rapid","D",3
151,"rapid","L",15
151,"rapid","W",55
152,"blitz","D",65
152,"blitz","L",378
152,"blitz","W",475
152,"bullet","D",10
152,"bullet","L",51
152,"bullet","W",96
152,"rapid","D",9
152,"rapid","L",35
152,"rapid","W",62
153,"blitz","D",232
153,"blitz","L",1279
153,"blitz","W",1914
153,"bullet","D",51
153,"bullet","L",685
153,"bullet","W",474
153,"rapid","D",11
153,"rapid","L",43
153,"rapid","W",75
154,"blitz","D",374
154,"blitz","L",1586
154,"blitz","W",1831
154,"bullet","D",190
154,"bullet","L",1043
154,"bullet","W",961
154,"daily","W",1
154,"rapid","D",7
154,"rapid","L",15
154,"rapid","W",31
155,"blitz","D",121
155,"blitz","L",773
155,"blitz","W",920
155,"bullet","D",9
155,"bullet","L",56
155,"bullet","W",86
155,"rapid","D",1
155,"rapid","L",1
155,"rapid","W",1
156,"blitz","D",691
156,"blitz","L",2064
156,"blitz","W",2906
156,"bullet","D",6
156,"bullet","L",45
156,"bullet","W",132
156,"rapid","D",2
156,"rapid","L",5
156,"rapid","W",9
157,"blitz","D",138
157,"blitz","L",544
157,"blitz","W",538
157,"bullet","D",2
157,"bullet","L",28
157,"bullet","W",44
157,"rapid","D",9
157,"rapid","L",7
157,"rapid","W",21
158,"blitz","D",216
158,"blitz","L",1549
158,"blitz","W",1952
158,"bullet","D",2
158,"bullet","L",14
158,"bullet","W",14
159,"blitz","D",20
159,"blitz","L",175
159,"blitz","W",93
159,"bullet","W",1
159,"rapid","D",8
159,"rapid","L",23
159,"rapid","W",26
160,"blitz","D",97
160,"blitz","L",441
160,"blitz","W",570
160,"bullet","D",79
160,"bullet","L",451
160,"bullet","W",599
161,"blitz","D",126
161,"blitz","L",342
161,"blitz","W",344
161,"bullet","D",73
161,"bullet","L",383
161,"bullet","W",652
161,"rapid","D",5
161,"rapid","L",8
161,"rapid","W",9
162,"blitz","D",1175
162,"blitz","L",5537
162,"blitz","W",4759
162,"bullet","D",17
162,"bullet","L",182
162,"bullet","W",142
162,"daily","W",1
162,"rapid","D",3
162,"rapid","L",6
162,"rapid","W",7
163,"blitz","D",236
163,"blitz","L",1353
163,"blitz","W",1244
163,"bullet","D",13
163,"bullet","L",77
163,"bullet","W",80
163,"rapid","D",4
163,"rapid","L",6
163,"rapid","W",19
164,"blitz","D",215
164,"blitz","L",1200
164,"blitz","W",1468
164,"bullet","D",13
164,"bullet","L",113
164,"bullet","W",202
164,"daily","D",106
164,"daily","L",132
164,"daily","W",357
164,"rapid","D",9
164,"rapid","L",23
164,"rapid","W",70
165,"blitz","D",798
165,"blitz","L",7074
165,"blitz","W",8826
165,"bullet","D",41
165,"bullet","L",267
165,"bullet","W",423
165,"daily","L",7
165,"rapid","D",1
165,"rapid","L",8
165,"rapid","W",9
166,"blitz","D",101
166,"blitz","L",359
166,"blitz","W",412
166,"bullet","L",4
166,"bullet","W",3
166,"rapid","D",2
166,"rapid","L",3
166,"rapid","W",2
167,"blitz","D",94
167,"blitz","L",1038
167,"blitz","W",1078
167,"bullet","D",6
167,"bullet","L",137
167,"bullet","W",116
167,"daily","D",2
167,"daily","W",7
167,"rapid","L",8
167,"rapid","W",1
168,"blitz","D",284
168,"blitz","L",1181
168,"blitz","W",1376
168,"bullet","D",71
168,"bullet","L",359
168,"bullet","W",454
168,"rapid","D",2
168,"rapid","L",9
168,"rapid","W",36
169,"blitz","D",149
169,"blitz","L",987
169,"blitz","W",590
169,"bullet","D",21
169,"bullet","L",218
169,"bullet","W",270
169,"daily","W",1
169,"rapid","D",5
169,"rapid","L",4
169,"rapid","W",52
170,"blitz","D",133
170,"blitz","L",465
170,"blitz","W",642
170,"bullet","W",1
170,"rapid","D",29
170,"rapid","L",71
170,"rapid","W",100
172,"blitz","D",111
172,"blitz","L",712
172,"blitz","W",662
172,"bullet","D",99
172,"bullet","L",834
172,"bullet","W",861
172,"daily","D",3
172,"daily","L",4
172,"daily","W",5
172,"rapid","D",14
172,"rapid","L",6
172,"rapid","W",27
173,"blitz","D",46
173,"blitz","L",377
173,"blitz","W",430
173,"bullet","D",8
173,"bullet","L",197
173,"bullet","W",106
173,"daily","L",1
173,"daily","W",1
173,"rapid","L",9
173,"rapid","W",9
174,"blitz","D",156
174,"blitz","L",817
174,"blitz","W",776
174,"bullet","D",57
174,"bullet","L",316
174,"bullet","W",351
174,"rapid","L",1
174,"rapid","W",5
175,"blitz","D",530
175,"blitz","L",2991
175,"blitz","W",3297
175,"bullet","D",123
175,"bullet","L",718
175,"bullet","W",946
175,"daily","W",3
175,"rapid","D",24
175,"rapid","L",47
175,"rapid","W",125
176,"blitz","D",354
176,"blitz","L",1437
176,"blitz","W",2134
176,"bullet","D",40
176,"bullet","L",657
176,"bullet","W",805
176,"daily","D",5
176,"daily","L",29
176,"daily","W",110
176,"rapid","L",3
176,"rapid","W",13
177,"blitz","D",322
177,"blitz","L",1491
177,"blitz","W",1209
177,"rapid","D",237
177,"rapid","L",769
177,"rapid","W",821
178,"blitz","D",340
178,"blitz","L",1903
178,"blitz","W",1819
178,"bullet","D",143
178,"bullet","L",1368
178,"bullet","W",1197
178,"daily","W",2
178,"rapid","D",5
178,"rapid","L",1
178,"rapid","W",24
180,"blitz","D",255
180,"blitz","L",2407
180,"blitz","W",2503
180,"bullet","D",20
180,"bullet","L",163
180,"bullet","W",215
180,"daily","W",2
180,"rapid","D",1
180,"rapid","L",14
180,"rapid","W",26
181,"blitz","D",45
181,"blitz","L",580
181,"blitz","W",383
181,"bullet","D",4
181,"bullet","L",65
181,"bullet","W",92
182,"blitz","D",3389
182,"blitz","L",13798
182,"blitz","W",14960
182,"bullet","D",94
182,"bullet","L",524
182,"bullet","W",720
182,"daily","L",8
182,"daily","W",31
182,"rapid","D",24
182,"rapid","L",57
182,"rapid","W",132
183,"blitz","D",77
183,"blitz","L",215
183,"blitz","W",137
183,"bullet","D",101
183,"bullet","L",691
183,"bullet","W",504
184,"blitz","D",31
184,"blitz","L",88
184,"blitz","W",108
185,"blitz","D",1582
185,"blitz","L",7596
185,"blitz","W",8798
185,"bullet","D",134
185,"bullet","L",852
185,"bullet","W",1003
185,"daily","D",10
185,"daily","L",5
185,"daily","W",61
185,"rapid","D",263
185,"rapid","L",570
185,"rapid","W",844
186,"blitz","D",1207
186,"blitz","L",9649
186,"blitz","W",9267
186,"bullet","D",156
186,"bullet","L",1781
186,"bullet","W",1632
186,"daily","D",1
186,"daily","L",18
186,"daily","W",43
186,"rapid","L",6
186,"rapid","W",12
187,"blitz","D",312
187,"blitz","L",1900
187,"blitz","W",1689
187,"bullet","D",75
187,"bullet","L",1584
187,"bullet","W",484
187,"daily","D",1
187,"rapid","L",7
187,"rapid","W",11
188,"blitz","D",55
188,"blitz","L",186
188,"blitz","W",337
188,"daily","W",1
188,"rapid","D",4
188,"rapid","L",13
188,"rapid","W",27
189,"blitz","D",15
189,"blitz","L",102
189,"blitz","W",100
189,"bullet","D",1
189,"bullet","L",24
189,"bullet","W",20
190,"blitz","D",324
190,"blitz","L",473
190,"blitz","W",674
190,"bullet","D",5
190,"bullet","L",11
190,"bullet","W",22
190,"daily","D",90
190,"daily","L",35
190,"daily","W",304
190,"rapid","D",15
190,"rapid","L",25
190,"rapid","W",15
191,"blitz","D",47
191,"blitz","L",448
191,"blitz","W",199
191,"bullet","D",9
191,"bullet","L",79
191,"bullet","W",67
191,"rapid","L",8
191,"rapid","W",4
192,"blitz","D",632
192,"blitz","L",3015
192,"blitz","W",4040
192,"bullet","D",324
192,"bullet","L",2641
192,"bullet","W",3375
192,"daily","L",1
192,"rapid","D",3
192,"rapid","L",6
192,"rapid","W",9
194,"blitz","D",174
194,"blitz","L",912
194,"blitz","W",1152
194,"bullet","D",60
194,"bullet","L",377
194,"bullet","W",458
194,"rapid","D",12
194,"rapid","L",29
194,"rapid","W",50
195,"blitz","D",168
195,"blitz","L",1374
195,"blitz","W",1222
195,"bullet","D",4
195,"bullet","L",175
195,"bullet","W",215
195,"rapid","D",10
195,"rapid","L",3
195,"rapid","W",102
196,"blitz","D",249
196,"blitz","L",1163
196,"blitz","W",1216
196,"bullet","D",17
196,"bullet","L",171
196,"bullet","W",135
196,"daily","L",8
197,"blitz","D",47
197,"blitz","L",481
197,"blitz","W",560
197,"bullet","D",18
197,"bullet","L",224
197,"bullet","W",351
197,"rapid","D",1
197,"rapid","L",7
197,"rapid","W",6
198,"blitz","D",1983
198,"blitz","L",10479
198,"blitz","W",11706
198,"bullet","D",28
198,"bullet","L",143
198,"bullet","W",187
198,"daily","L",2
198,"daily","W",11
198,"rapid","D",17
198,"rapid","L",23
198,"rapid","W",79
199,"blitz","D",103
199,"blitz","L",609
199,"blitz","W",914
199,"bullet","D",92
199,"bullet","L",751
199,"bullet","W",1127
199,"daily","D",263
199,"daily","L",686
199,"daily","W",2527
199,"rapid","D",39
199,"rapid","L",93
199,"rapid","W",294
200,"blitz","D",225
200,"blitz","L",845
200,"blitz","W",1045
200,"bullet","D",20
200,"bullet","L",62
200,"bullet","W",83
200,"rapid","D",18
200,"rapid","L",27
200,"rapid","W",27
201,"blitz","D",270
201,"blitz","L",1465
201,"blitz","W",1572
201,"rapid","L",1
202,"blitz","D",181
202,"blitz","L",1074
202,"blitz","W",973
202,"bullet","D",46
202,"bullet","L",290
202,"bullet","W",302
202,"rapid","D",3
202,"rapid","L",13
202,"rapid","W",19
203,"blitz","D",212
203,"blitz","L",2014
203,"blitz","W",1534
203,"bullet","D",22
203,"bullet","L",578
203,"bullet","W",275
203,"rapid","D",12
203,"rapid","L",79
203,"rapid","W",50
204,"blitz","D",276
204,"blitz","L",2631
204,"blitz","W",2566
204,"bullet","D",11
204,"bullet","L",210
204,"bullet","W",207
204,"rapid","L",1
204,"rapid","W",7
205,"blitz","D",57
205,"blitz","L",590
205,"blitz","W",666
205,"bullet","D",35
205,"bullet","L",572
205,"bullet","W",616
205,"daily","D",2
205,"daily","L",11
205,"daily","W",7
205,"rapid","D",5
205,"rapid","L",29
205,"rapid","W",104
206,"blitz","D",594
206,"blitz","L",2714
206,"blitz","W",3509
206,"bullet","D",47
206,"bullet","L",402
206,"bullet","W",496
206,"rapid","D",2
206,"rapid","L",6
206,"rapid","W",7
207,"blitz","D",114
207,"blitz","L",923
207,"blitz","W",705
207,"bullet","D",33
207,"bullet","L",233
207,"bullet","W",231
207,"daily","D",18
207,"daily","L",26
207,"daily","W",67
207,"rapid","D",27
207,"rapid","L",105
207,"rapid","W",141
208,"blitz","D",112
208,"blitz","L",549
208,"blitz","W",686
208,"bullet","D",262
208,"bullet","L",2112
208,"bullet","W",2509
208,"daily","L",26
208,"daily","W",63
208,"rapid","D",2
208,"rapid","L",5
208,"rapid","W",10
209,"blitz","D",779
209,"blitz","L",5164
209,"blitz","W",8213
209,"bullet","D",94
209,"bullet","L",921
209,"bullet","W",1857
209,"rapid","D",1
209,"rapid","L",2
209,"rapid","W",18
211,"blitz","D",951
211,"blitz","L",4240
211,"blitz","W",3619
212,"blitz","D",600
212,"blitz","L",1470
212,"blitz","W",3295
212,"bullet","D",820
212,"bullet","L",4838
212,"bullet","W",8373
212,"rapid","D",4
212,"rapid","L",1
212,"rapid","W",3
213,"blitz","D",236
213,"blitz","L",1813
213,"blitz","W",1936
213,"bullet","D",331
213,"bullet","L",3034
213,"bullet","W",4091
214,"blitz","D",189
214,"blitz","L",568
214,"blitz","W",843
214,"bullet","D",10
214,"bullet","L",34
214,"bullet","W",91
214,"rapid","D",9
214,"rapid","L",11
214,"rapid","W",9
215,"blitz","D",1782
215,"blitz","L",10065
215,"blitz","W",10190
215,"bullet","D",535
215,"bullet","L",3694
215,"bullet","W",4213
215,"daily","D",77
215,"daily","L",422
215,"daily","W",599
215,"rapid","D",97
215,"rapid","L",211
215,"rapid","W",108
216,"blitz","D",482
216,"blitz","L",2682
216,"blitz","W",2735
216,"bullet","D",86
216,"bullet","L",541
216,"bullet","W",519
216,"rapid","D",1
216,"rapid","L",1
216,"rapid","W",7
218,"blitz","D",617
218,"blitz","L",2482
218,"blitz","W",3610
218,"bullet","D",39
218,"bullet","L",383
218,"bullet","W",428
218,"daily","L",3
218,"daily","W",2
218,"rapid","D",30
218,"rapid","L",39
218,"rapid","W",53
219,"blitz","D",1050
219,"blitz","L",3795
219,"blitz","W",4683
219,"bullet","D",67
219,"bullet","L",479
219,"bullet","W",588
219,"daily","L",1
219,"daily","W",7
219,"rapid","D",5
219,"rapid","L",3
219,"rapid","W",23
220,"blitz","D",2136
220,"blitz","L",5378
220,"blitz","W",7872
220,"bullet","D",1261
220,"bullet","L",5632
220,"bullet","W",8338
220,"rapid","D",11
220,"rapid","L",15
220,"rapid","W",26
221,"blitz","D",149
221,"blitz","L",1134
221,"blitz","W",1092
221,"bullet","D",12
221,"bullet","L",60
221,"bullet","W",126
221,"rapid","W",1
222,"blitz","D",555
222,"blitz","L",1607
222,"blitz","W",2478
222,"bullet","D",84
222,"bullet","L",416
222,"bullet","W",653
222,"rapid","D",25
222,"rapid","L",21
222,"rapid","W",33
223,"blitz","D",172
223,"blitz","L",1016
223,"blitz","W",1536
223,"bullet","D",127
223,"bullet","L",1032
223,"bullet","W",1420
223,"daily","L",2
223,"daily","W",6
223,"rapid","L",3
223,"rapid","W",2
224,"blitz","D",142
224,"blitz","L",415
224,"blitz","W",818
224,"bullet","D",47
224,"bullet","L",178
224,"bullet","W",1124
224,"rapid","D",16
224,"rapid","L",11
224,"rapid","W",37
225,"blitz","D",45
225,"blitz","L",223
225,"blitz","W",291
225,"bullet","D",21
225,"bullet","L",187
225,"bullet","W",213
225,"daily","L",1
225,"rapid","D",2
225,"rapid","L",7
225,"rapid","W",18
226,"blitz","D",439
226,"blitz","L",2635
226,"blitz","W",2603
226,"bullet","D",2
226,"bullet","L",21
226,"bullet","W",62
226,"daily","W",2
226,"rapid","W",2
227,"blitz","D",545
227,"blitz","L",1823
227,"blitz","W",5181
227,"bullet","D",1568
227,"bullet","L",12188
227,"bullet","W",15947
227,"daily","L",8
227,"rapid","D",22
227,"rapid","L",104
227,"rapid","W",314
228,"blitz","D",132
228,"blitz","L",638
228,"blitz","W",1102
228,"bullet","D",431
228,"bullet","L",3471
228,"bullet","W",3947
228,"daily","D",1
228,"daily","L",5
228,"daily","W",1
228,"rapid","D",11
228,"rapid","L",11
228,"rapid","W",49
229,"blitz","D",103
229,"blitz","L",439
229,"blitz","W",801
229,"bullet","D",91
229,"bullet","L",589
229,"bullet","W",871
229,"daily","D",7
229,"daily","L",21
229,"daily","W",101
229,"rapid","D",7
229,"rapid","L",29
229,"rapid","W",82
230,"blitz","D",267
230,"blitz","L",838
230,"blitz","W",960
230,"bullet","D",28
230,"bullet","L",153
230,"bullet","W",160
230,"rapid","D",19
230,"rapid","L",28
230,"rapid","W",30
231,"blitz","D",382
231,"blitz","L",1442
231,"blitz","W",2190
231,"bullet","D",217
231,"bullet","L",1240
231,"bullet","W",1908
231,"rapid","D",15
231,"rapid","L",22
231,"rapid","W",29
232,"blitz","D",146
232,"blitz","L",1116
232,"blitz","W",1326
232,"bullet","D",199
232,"bullet","L",2053
232,"bullet","W",2191
232,"daily","W",1
232,"rapid","D",7
232,"rapid","L",29
232,"rapid","W",100
233,"blitz","D",122
233,"blitz","L",533
233,"blitz","W",726
233,"bullet","D",106
233,"bullet","L",566
233,"bullet","W",842
233,"rapid","D",5
233,"rapid","L",8
233,"rapid","W",30
234,"blitz","D",44
234,"blitz","L",154
234,"blitz","W",217
234,"bullet","D",6
234,"bullet","L",94
234,"bullet","W",108
234,"rapid","D",12
234,"rapid","L",13
234,"rapid","W",28
235,"blitz","D",78
235,"blitz","L",259
235,"blitz","W",476
235,"bullet","D",6
235,"bullet","L",17
235,"bullet","W",50
235,"rapid","D",4
235,"rapid","L",2
235,"rapid","W",33
236,"blitz","D",429
236,"blitz","L",1587
236,"blitz","W",2312
236,"bullet","D",232
236,"bullet","L",1489
236,"bullet","W",1689
236,"daily","D",14
236,"daily","L",31
236,"daily","W",77
236,"rapid","D",5
236,"rapid","L",15
236,"rapid","W",49
237,"blitz","D",42
237,"blitz","L",195
237,"blitz","W",215
237,"bullet","D",7
237,"bullet","L",34
237,"bullet","W",79
238,"blitz","D",1265
238,"blitz","L",4876
238,"blitz","W",6986
238,"bullet","D",19
238,"bullet","L",114
238,"bullet","W",216
238,"daily","L",5
238,"daily","W",4
238,"rapid","D",20
238,"rapid","L",78
238,"rapid","W",142
239,"blitz","D",133
239,"blitz","L",401
239,"blitz","W",615
239,"bullet","L",2
239,"bullet","W",10
239,"rapid","D",14
239,"rapid","L",18
239,"rapid","W",13
240,"blitz","D",631
240,"blitz","L",3232
240,"blitz","W",3914
240,"bullet","D",1
240,"bullet","L",9
240,"bullet","W",30
240,"rapid","D",7
240,"rapid","L",10
240,"rapid","W",15
241,"blitz","D",422
241,"blitz","L",2114
241,"blitz","W",3402
241,"bullet","D",50
241,"bullet","L",341
241,"bullet","W",707
241,"daily","D",1
241,"daily","L",10
241,"daily","W",62
241,"rapid","D",51
241,"rapid","L",196
241,"rapid","W",626
242,"blitz","D",251
242,"blitz","L",1026
242,"blitz","W",1132
242,"bullet","D",210
242,"bullet","L",1040
242,"bullet","W",1075
242,"daily","D",1
242,"daily","L",3
242,"daily","W",5
242,"rapid","D",2
242,"rapid","L",8
242,"rapid","W",8
243,"blitz","D",37
243,"blitz","L",269
243,"blitz","W",365
243,"bullet","D",18
243,"bullet","L",139
243,"bullet","W",155
243,"rapid","D",6
243,"rapid","L",13
243,"rapid","W",23
244,"blitz","D",532
244,"blitz","L",2730
244,"blitz","W",4418
244,"bullet","D",30
244,"bullet","L",281
244,"bullet","W",474
244,"daily","L",19
244,"daily","W",3
244,"rapid","D",2
244,"rapid","L",8
244,"rapid","W",19
246,"blitz","D",625
246,"blitz","L",2937
246,"blitz","W",3450
246,"bullet","D",7
246,"bullet","L",90
246,"bullet","W",163
246,"daily","W",2
246,"rapid","D",10
246,"rapid","L",27
246,"rapid","W",70
247,"blitz","D",779
247,"blitz","L",4072
247,"blitz","W",4979
247,"bullet","D",2
247,"bullet","L",37
247,"bullet","W",26
247,"daily","D",5
247,"daily","L",26
247,"daily","W",12
247,"rapid","D",2
247,"rapid","L",2
247,"rapid","W",7
249,"blitz","D",29
249,"blitz","L",135
249,"blitz","W",424
249,"bullet","D",33
249,"bullet","L",408
249,"bullet","W",467
249,"rapid","D",3
249,"rapid","L",16
249,"rapid","W",28
250,"blitz","D",1037
250,"blitz","L",6382
250,"blitz","W",6649
250,"bullet","D",123
250,"bullet","L",1036
250,"bullet","W",1192
250,"daily","D",8
250,"daily","L",140
250,"daily","W",197
250,"rapid","D",23
250,"rapid","L",58
250,"rapid","W",132
251,"blitz","D",714
251,"blitz","L",4345
251,"blitz","W",3798
251,"bullet","D",60
251,"bullet","L",567
251,"bullet","W",508
251,"rapid","D",1
251,"rapid","L",2
251,"rapid","W",1
252,"blitz","D",1043
252,"blitz","L",5470
252,"blitz","W",10316
252,"bullet","D",565
252,"bullet","L",3840
252,"bullet","W",6132
252,"daily","L",3
252,"daily","W",10
252,"rapid","D",20
252,"rapid","L",53
252,"rapid","W",376
253,"blitz","D",128
253,"blitz","L",910
253,"blitz","W",1049
253,"bullet","D",86
253,"bullet","L",824
253,"bullet","W",934
253,"daily","L",3
253,"daily","W",13
253,"rapid","D",1
253,"rapid","L",3
253,"rapid","W",7
254,"blitz","D",86
254,"blitz","L",543
254,"blitz","W",512
254,"bullet","D",20
254,"bullet","L",174
254,"bullet","W",204
254,"daily","D",1
254,"daily","L",9
254,"daily","W",20
254,"rapid","D",16
254,"rapid","L",43
254,"rapid","W",71
255,"blitz","D",747
255,"blitz","L",4666
255,"blitz","W",5354
255,"bullet","D",11
255,"bullet","L",37
255,"bullet","W",87
255,"daily","D",1
255,"daily","L",1
255,"daily","W",3
255,"rapid","D",1
255,"rapid","L",4
255,"rapid","W",5
256,"blitz","D",7
256,"blitz","L",82
256,"blitz","W",76
256,"bullet","D",8
256,"bullet","L",101
256,"bullet","W",137
256,"daily","L",6
256,"daily","W",19
256,"rapid","D",5
256,"rapid","L",12
256,"rapid","W",36
258,"blitz","D",211
258,"blitz","L",934
258,"blitz","W",1791
258,"bullet","D",210
258,"bullet","L",1534
258,"bullet","W",2255
258,"daily","D",6
258,"daily","L",34
258,"daily","W",68
258,"rapid","D",54
258,"rapid","L",64
258,"rapid","W",305
259,"blitz","D",149
259,"blitz","L",533
259,"blitz","W",1393
259,"bullet","D",71
259,"bullet","L",519
259,"bullet","W",645
259,"rapid","D",52
259,"rapid","L",53
259,"rapid","W",80
260,"blitz","D",3045
260,"blitz","L",10313
260,"blitz","W",16305
260,"bullet","D",546
260,"bullet","L",3056
260,"bullet","W",4357
260,"daily","L",1
260,"daily","W",1
260,"rapid","D",56
260,"rapid","L",37
260,"rapid","W",70
261,"blitz","D",2585
261,"blitz","L",12408
261,"blitz","W",12335
261,"bullet","D",110
261,"bullet","L",939
261,"bullet","W",1297
261,"daily","D",2
261,"daily","L",13
261,"daily","W",4
261,"rapid","D",8
261,"rapid","L",38
261,"rapid","W",54
262,"blitz","D",316
262,"blitz","L",1629
262,"blitz","W",1796
262,"bullet","D",20
262,"bullet","L",70
262,"bullet","W",187
262,"rapid","D",15
262,"rapid","L",74
262,"rapid","W",118
263,"blitz","D",192
263,"blitz","L",797
263,"blitz","W",1115
263,"bullet","D",5
263,"bullet","L",40
263,"bullet","W",53
265,"blitz","D",849
265,"blitz","L",4192
265,"blitz","W",3856
265,"bullet","D",81
265,"bullet","L",569
265,"bullet","W",495
265,"daily","W",1
265,"rapid","D",10
265,"rapid","L",20
265,"rapid","W",25
266,"blitz","D",113
266,"blitz","L",603
266,"blitz","W",647
266,"bullet","D",3
266,"bullet","L",12
266,"bullet","W",6
267,"blitz","D",1489
267,"blitz","L",10264
267,"blitz","W",9542
267,"bullet","D",3
267,"bullet","L",20
267,"bullet","W",49
268,"blitz","D",877
268,"blitz","L",2521
268,"blitz","W",4057
268,"bullet","D",100
268,"bullet","L",531
268,"bullet","W",864
268,"daily","D",32
268,"daily","L",34
268,"daily","W",265
268,"rapid","D",17
268,"rapid","L",18
268,"rapid","W",33
270,"blitz","D",122
270,"blitz","L",554
270,"blitz","W",1262
270,"bullet","L",14
270,"bullet","W",8
270,"rapid","D",1
270,"rapid","L",13
270,"rapid","W",142
271,"blitz","D",94
271,"blitz","L",337
271,"blitz","W",437
271,"bullet","L",6
271,"bullet","W",10
271,"rapid","D",6
271,"rapid","L",17
271,"rapid","W",11
272,"blitz","D",580
272,"blitz","L",3620
272,"blitz","W",3776
272,"bullet","D",225
272,"bullet","L",1692
272,"bullet","W",1683
272,"daily","D",16
272,"daily","L",66
272,"daily","W",257
272,"rapid","D",39
272,"rapid","L",162
272,"rapid","W",270
273,"blitz","D",289
273,"blitz","L",916
273,"blitz","W",1237
273,"bullet","D",35
273,"bullet","L",43
273,"bullet","W",177
273,"rapid","D",2
273,"rapid","L",6
273,"rapid","W",3
274,"blitz","D",891
274,"blitz","L",6368
274,"blitz","W",5128
274,"rapid","L",6
274,"rapid","W",4
275,"blitz","D",182
275,"blitz","L",773
275,"blitz","W",1017
275,"bullet","D",373
275,"bullet","L",2143
275,"bullet","W",2552
275,"daily","L",2
275,"rapid","D",3
275,"rapid","W",11
276,"blitz","D",546
276,"blitz","L",2526
276,"blitz","W",2599
276,"bullet","D",72
276,"bullet","L",481
276,"bullet","W",590
276,"rapid","D",14
276,"rapid","L",19
276,"rapid","W",103
277,"blitz","D",571
277,"blitz","L",2206
277,"blitz","W",2726
277,"bullet","D",1443
277,"bullet","L",11012
277,"bullet","W",9635
277,"daily","D",55
277,"daily","L",98
277,"daily","W",261
277,"rapid","D",33
277,"rapid","L",58
277,"rapid","W",94
278,"blitz","D",13
278,"blitz","L",76
278,"blitz","W",71
278,"bullet","D",92
278,"bullet","L",748
278,"bullet","W",864
278,"rapid","L",3
278,"rapid","W",3
279,"blitz","D",651
279,"blitz","L",1414
279,"blitz","W",3354
279,"bullet","D",105
279,"bullet","L",485
279,"bullet","W",747
279,"daily","L",14
279,"rapid","D",62
279,"rapid","L",109
279,"rapid","W",87
280,"blitz","D",737
280,"blitz","L",2052
280,"blitz","W",2536
280,"bullet","D",3
280,"bullet","L",1
280,"bullet","W",5
280,"rapid","D",18
280,"rapid","L",10
280,"rapid","W",14
281,"blitz","D",422
281,"blitz","L",2913
281,"blitz","W",3498
281,"bullet","D",8
281,"bullet","L",39
281,"bullet","W",40
281,"daily","L",1
281,"daily","W",4
281,"rapid","L",5
281,"rapid","W",5
282,"blitz","D",152
282,"blitz","L",1002
282,"blitz","W",1140
282,"bullet","D",3
282,"bullet","L",47
282,"bullet","W",97
282,"daily","D",1
282,"daily","L",11
282,"daily","W",19
282,"rapid","D",10
282,"rapid","L",64
282,"rapid","W",125
283,"blitz","D",1885
283,"blitz","L",11886
283,"blitz","W",11973
284,"blitz","D",165
284,"blitz","L",703
284,"blitz","W",895
284,"bullet","D",314
284,"bullet","L",2252
284,"bullet","W",2899
284,"rapid","D",118
284,"rapid","L",135
284,"rapid","W",545
285,"blitz","D",206
285,"blitz","L",709
285,"blitz","W",798
285,"bullet","D",65
285,"bullet","L",352
285,"bullet","W",727
285,"rapid","D",53
285,"rapid","L",87
285,"rapid","W",183
286,"blitz","D",333
286,"blitz","L",1394
286,"blitz","W",2340
286,"bullet","D",242
286,"bullet","L",1487
286,"bullet","W",3301
286,"daily","D",2
286,"daily","L",4
286,"daily","W",21
286,"rapid","D",13
286,"rapid","L",26
286,"rapid","W",97
287,"blitz","D",314
287,"blitz","L",1141
287,"blitz","W",1252
287,"bullet","D",330
287,"bullet","L",1756
287,"bullet","W",1597
287,"daily","D",1
287,"daily","L",11
287,"daily","W",2
287,"rapid","D",57
287,"rapid","L",65
287,"rapid","W",152
288,"blitz","D",86
288,"blitz","L",463
288,"blitz","W",467
288,"bullet","W",1
288,"rapid","W",1
289,"blitz","D",80
289,"blitz","L",587
289,"blitz","W",695
289,"bullet","D",34
289,"bullet","L",1260
289,"bullet","W",1504
289,"rapid","D",27
289,"rapid","L",32
289,"rapid","W",40
290,"blitz","D",53
290,"blitz","L",345
290,"blitz","W",352
290,"bullet","D",54
290,"bullet","L",312
290,"bullet","W",334
290,"rapid","D",2
290,"rapid","L",16
290,"rapid","W",20
292,"blitz","D",395
292,"blitz","L",2833
292,"blitz","W",2801
292,"bullet","D",288
292,"bullet","L",3135
292,"bullet","W",3071
292,"daily","D",25
292,"daily","L",79
292,"daily","W",136
292,"rapid","L",3
292,"rapid","W",15
293,"blitz","D",35
293,"blitz","L",168
293,"blitz","W",245
293,"bullet","D",4
293,"bullet","L",10
293,"bullet","W",5
293,"rapid","D",1
293,"rapid","W",1
294,"blitz","D",38
294,"blitz","L",205
294,"blitz","W",215
294,"bullet","D",4
294,"bullet","L",39
294,"bullet","W",33
294,"rapid","D",3
294,"rapid","L",10
294,"rapid","W",15
295,"blitz","D",2830
295,"blitz","L",19680
295,"blitz","W",19859
295,"bullet","D",28
295,"bullet","L",283
295,"bullet","W",307
295,"daily","D",25
295,"daily","L",40
295,"daily","W",81
295,"rapid","D",39
295,"rapid","L",131
295,"rapid","W",190
296,"blitz","D",147
296,"blitz","L",677
296,"blitz","W",885
296,"bullet","D",9
296,"bullet","L",51
296,"bullet","W",94
297,"blitz","D",87
297,"blitz","L",534
297,"blitz","W",454
297,"bullet","D",6
297,"bullet","L",80
297,"bullet","W",121
298,"blitz","D",34
298,"blitz","L",234
298,"blitz","W",215
298,"bullet","D",8
298,"bullet","L",61
298,"bullet","W",112
299,"blitz","D",814
299,"blitz","L",7216
299,"blitz","W",8228
300,"blitz","D",282
300,"blitz","L",1649
300,"blitz","W",1425
300,"bullet","D",12
300,"bullet","L",61
300,"bullet","W",60
300,"daily","W",1
300,"rapid","D",10
300,"rapid","L",15
300,"rapid","W",20
301,"blitz","D",423
301,"blitz","L",2461
301,"blitz","W",2381
301,"bullet","D",225
301,"bullet","L",1522
301,"bullet","W",1491
301,"daily","D",2
301,"daily","L",30
301,"daily","W",159
301,"rapid","D",28
301,"rapid","L",75
301,"rapid","W",158
302,"blitz","D",813
302,"blitz","L",5655
302,"blitz","W",5263
302,"bullet","L",6
302,"bullet","W",5
302,"rapid","L",1
302,"rapid","W",3
303,"blitz","D",41
303,"blitz","L",212
303,"blitz","W",251
303,"bullet","D",21
303,"bullet","L",186
303,"bullet","W",212
303,"daily","L",4
303,"daily","W",4
303,"rapid","L",2
303,"rapid","W",1
304,"blitz","D",696
304,"blitz","L",6249
304,"blitz","W",6329
304,"bullet","D",445
304,"bullet","L",6437
304,"bullet","W",4777
304,"daily","D",1
304,"daily","L",2
304,"daily","W",49
304,"rapid","D",39
304,"rapid","L",122
304,"rapid","W",531
305,"blitz","D",98
305,"blitz","L",599
305,"blitz","W",662
305,"bullet","L",7
305,"bullet","W",7
306,"blitz","D",620
306,"blitz","L",4916
306,"blitz","W",5084
306,"bullet","D",341
306,"bullet","L",3795
306,"bullet","W",3579
306,"daily","L",20
306,"daily","W",4
306,"rapid","D",28
306,"rapid","L",129
306,"rapid","W",141
307,"blitz","L",8
307,"blitz","W",9
307,"bullet","D",9
307,"bullet","L",31
307,"bullet","W",68
307,"rapid","W",1
309,"blitz","D",56
309,"blitz","L",295
309,"blitz","W",281
309,"bullet","D",26
309,"bullet","L",145
309,"bullet","W",197
309,"daily","D",43
309,"daily","L",261
309,"daily","W",625
309,"rapid","D",1
309,"rapid","L",5
309,"rapid","W",10
310,"blitz","D",181
310,"blitz","L",1560
310,"blitz","W",1945
310,"bullet","D",345
310,"bullet","L",4015
310,"bullet","W",5475
310,"daily","D",9
310,"daily","L",62
310,"daily","W",78
310,"rapid","D",17
310,"rapid","L",132
310,"rapid","W",148
311,"blitz","D",1932
311,"blitz","L",9907
311,"blitz","W",10148
311,"bullet","D",270
311,"bullet","L",1477
311,"bullet","W",1631
311,"rapid","D",38
311,"rapid","L",93
311,"rapid","W",107
312,"blitz","D",74
312,"blitz","L",420
312,"blitz","W",547
312,"bullet","L",11
312,"bullet","W",80
312,"rapid","D",6
312,"rapid","L",14
312,"rapid","W",26
313,"blitz","D",1203
313,"blitz","L",3267
313,"blitz","W",3195
313,"bullet","D",10
313,"bullet","L",57
313,"bullet","W",95
313,"rapid","W",3
